Model,Mean KL Div,Median KL Div,Std Dev KL Div
SI,0.03900146484375,0.0,0.421630859375
LM,0.085205078125,0.0,0.59326171875
CRD,0.095947265625,0.0,0.62109375
HINTS,0.104736328125,0.0,0.6728515625
DKD,0.11590576171875,0.0,0.66748046875
LS,0.17333984375,0.0,0.67138671875
