Model,SSIM,Pearson,Cosine
SI,0.14705749806427473,0.004188868682831526,0.7141454815864563
LM,0.12770439442556872,-0.025969495996832848,0.7125651240348816
LS,0.14886187189897282,-0.004343465436249971,0.7073494791984558
DKD,0.14234019669690826,-0.004224680664900006,0.6761894258048454
HINTS,0.1590232240708802,0.022388687405153127,0.7150650157645991
CRD,0.17163681881797763,0.043898433446884155,0.708808422088623
