Model,SSIM,Pearson,Cosine
SI,0.14705749551936342,0.004188870545476675,0.7141454815864563
LM,0.12770441126907747,-0.025969497859477997,0.7125651240348816
LS,0.14886186693533485,-0.004343466367572546,0.7073494791984558
DKD,0.14234019515684906,-0.0042246813235283604,0.6761894255380461
HINTS,0.15902322912366396,0.022388690746896665,0.7150650168390502
CRD,0.17163681788948762,0.043898437172174454,0.708808422088623
