Model,SSIM,Pearson,Cosine
SI,0.1470574895747002,0.0041888696141541,0.7141454815864563
LM,0.12770440662018848,-0.025969503447413445,0.7125651240348816
LS,0.14886187090467187,-0.004343461245298386,0.7073494791984558
DKD,0.1423401987778747,-0.00422468062672998,0.6761894270804799
HINTS,0.15902322416969478,0.022388690329954358,0.7150650178534583
CRD,0.1716368174804557,0.043898433446884155,0.708808422088623
