Model,SSIM,Pearson,Cosine
SI,0.1484909072134483,0.006150640132802073,0.7103977700576186
LM,0.1275389004456428,-0.0277878473080229,0.705646659822762
LS,0.14779696698456982,-0.0012256107263034209,0.6985558847986162
DKD,0.1311351960395306,-0.011702131833764725,0.6533781056791544
HINTS,0.15765204946957562,0.022318635838350746,0.7089272576443851
CRD,0.16625018541618097,0.03866243724892847,0.6982366211868822
